{
  "execution_metrics": {
    "analysis_correctness": 1.0,
    "citation_preservation_rate": 1.0,
    "execution_success_rate": 1.0,
    "plan_completion_rate": 1.0
  },
  "frontend_build_timing_ms": 1765.4611660000228,
  "latency_summary": {
    "chunking_duration_ms": {
      "avg": 0.006457999916165136,
      "count": 2.0,
      "max": 0.0077500008046627045,
      "min": 0.005165999027667567
    },
    "embedding_duration_ms": {
      "avg": 0.05929149847361259,
      "count": 2.0,
      "max": 0.08833299943944439,
      "min": 0.03024999750778079
    },
    "executor_latency_ms": {
      "avg": 354.3561670012423,
      "count": 1.0,
      "max": 354.3561670012423,
      "min": 354.3561670012423
    },
    "indexing_duration_ms": {
      "avg": 10.25337499959278,
      "count": 1.0,
      "max": 10.25337499959278,
      "min": 10.25337499959278
    },
    "parsing_duration_ms": {
      "avg": 1.918291502079228,
      "count": 2.0,
      "max": 3.7645830016117543,
      "min": 0.07200000254670158
    },
    "reranking_latency_ms": {
      "avg": 0.04583400004776195,
      "count": 1.0,
      "max": 0.04583400004776195,
      "min": 0.04583400004776195
    },
    "retrieval_latency_ms": {
      "avg": 0.13765266582292193,
      "count": 3.0,
      "max": 0.24937499983934686,
      "min": 0.07695800013607368
    },
    "sandbox_execution_time_ms": {
      "avg": 353.1799999982468,
      "count": 1.0,
      "max": 353.1799999982468,
      "min": 353.1799999982468
    }
  },
  "regression_comparison": {
    "chunking_duration_ms": {
      "avg_delta_ms": 0.0008119986887322739,
      "max_delta_ms": 0.0015000005078036338
    },
    "embedding_duration_ms": {
      "avg_delta_ms": -0.00020849984139204025,
      "max_delta_ms": -0.002291999408043921
    },
    "executor_latency_ms": {
      "avg_delta_ms": 6.281000001763459,
      "max_delta_ms": 6.281000001763459
    },
    "indexing_duration_ms": {
      "avg_delta_ms": 0.24516699704690836,
      "max_delta_ms": 0.24516699704690836
    },
    "parsing_duration_ms": {
      "avg_delta_ms": 0.2257705036754487,
      "max_delta_ms": 0.44420800259104
    },
    "reranking_latency_ms": {
      "avg_delta_ms": -0.0010410003596916795,
      "max_delta_ms": -0.0010410003596916795
    },
    "retrieval_latency_ms": {
      "avg_delta_ms": 0.0038053318955159343,
      "max_delta_ms": 0.008041999535635114
    },
    "sandbox_execution_time_ms": {
      "avg_delta_ms": 6.268165998335462,
      "max_delta_ms": 6.268165998335462
    }
  },
  "retrieval_metrics": {
    "after": {
      "mrr": 1.0,
      "ndcg_at_10": 1.0,
      "ndcg_at_5": 1.0,
      "recall_at_10": 1.0,
      "recall_at_5": 1.0
    },
    "before": {
      "mrr": 1.0,
      "ndcg_at_10": 1.0,
      "ndcg_at_5": 1.0,
      "recall_at_10": 1.0,
      "recall_at_5": 1.0
    }
  }
}