{
  "execution_metrics": {
    "analysis_correctness": 1.0,
    "citation_preservation_rate": 1.0,
    "execution_success_rate": 1.0,
    "plan_completion_rate": 1.0
  },
  "frontend_build_timing_ms": 2297.1038750038133,
  "latency_summary": {
    "chunking_duration_ms": {
      "avg": 0.010854000720428303,
      "count": 2.0,
      "max": 0.014666002243757248,
      "min": 0.007041999197099358
    },
    "embedding_duration_ms": {
      "avg": 0.07899999764049426,
      "count": 2.0,
      "max": 0.11087500024586916,
      "min": 0.047124995035119355
    },
    "executor_latency_ms": {
      "avg": 533.6773749950225,
      "count": 1.0,
      "max": 533.6773749950225,
      "min": 533.6773749950225
    },
    "indexing_duration_ms": {
      "avg": 17.394084003171884,
      "count": 1.0,
      "max": 17.394084003171884,
      "min": 17.394084003171884
    },
    "parsing_duration_ms": {
      "avg": 4.85972950264113,
      "count": 2.0,
      "max": 9.644375000789296,
      "min": 0.0750840044929646
    },
    "reranking_latency_ms": {
      "avg": 0.055125005019363016,
      "count": 1.0,
      "max": 0.055125005019363016,
      "min": 0.055125005019363016
    },
    "retrieval_latency_ms": {
      "avg": 0.15172200316252807,
      "count": 3.0,
      "max": 0.279792002402246,
      "min": 0.08179100404959172
    },
    "sandbox_execution_time_ms": {
      "avg": 532.1990829979768,
      "count": 1.0,
      "max": 532.1990829979768,
      "min": 532.1990829979768
    }
  },
  "regression_comparison": {
    "chunking_duration_ms": {
      "avg_delta_ms": 0.0006040027074050158,
      "max_delta_ms": 0.0011660013115033507
    },
    "embedding_duration_ms": {
      "avg_delta_ms": -0.009937502909451723,
      "max_delta_ms": -0.020874998881481588
    },
    "executor_latency_ms": {
      "avg_delta_ms": 115.71841699333163,
      "max_delta_ms": 115.71841699333163
    },
    "indexing_duration_ms": {
      "avg_delta_ms": -10.397790996648837,
      "max_delta_ms": -10.397790996648837
    },
    "parsing_duration_ms": {
      "avg_delta_ms": -2.629083497595275,
      "max_delta_ms": -5.190416995901614
    },
    "reranking_latency_ms": {
      "avg_delta_ms": -0.002916996891144663,
      "max_delta_ms": -0.002916996891144663
    },
    "retrieval_latency_ms": {
      "avg_delta_ms": -0.017944660309391736,
      "max_delta_ms": -0.06099999154685065
    },
    "sandbox_execution_time_ms": {
      "avg_delta_ms": 115.46379100036575,
      "max_delta_ms": 115.46379100036575
    }
  },
  "retrieval_metrics": {
    "after": {
      "mrr": 1.0,
      "ndcg_at_10": 1.0,
      "ndcg_at_5": 1.0,
      "recall_at_10": 1.0,
      "recall_at_5": 1.0
    },
    "before": {
      "mrr": 1.0,
      "ndcg_at_10": 1.0,
      "ndcg_at_5": 1.0,
      "recall_at_10": 1.0,
      "recall_at_5": 1.0
    }
  }
}