{
  "execution_metrics": {
    "analysis_correctness": 1.0,
    "citation_preservation_rate": 1.0,
    "execution_success_rate": 1.0,
    "plan_completion_rate": 1.0
  },
  "frontend_build_timing_ms": 1728.929832999711,
  "latency_summary": {
    "chunking_duration_ms": {
      "avg": 0.005646001227432862,
      "count": 2.0,
      "max": 0.006250000296859071,
      "min": 0.005042002158006653
    },
    "embedding_duration_ms": {
      "avg": 0.05949999831500463,
      "count": 2.0,
      "max": 0.09062499884748831,
      "min": 0.02837499778252095
    },
    "executor_latency_ms": {
      "avg": 348.0751669994788,
      "count": 1.0,
      "max": 348.0751669994788,
      "min": 348.0751669994788
    },
    "indexing_duration_ms": {
      "avg": 10.00820800254587,
      "count": 1.0,
      "max": 10.00820800254587,
      "min": 10.00820800254587
    },
    "parsing_duration_ms": {
      "avg": 1.6925209984037792,
      "count": 2.0,
      "max": 3.3203749990207143,
      "min": 0.06466699778684415
    },
    "reranking_latency_ms": {
      "avg": 0.046875000407453626,
      "count": 1.0,
      "max": 0.046875000407453626,
      "min": 0.046875000407453626
    },
    "retrieval_latency_ms": {
      "avg": 0.133847333927406,
      "count": 3.0,
      "max": 0.24133300030371174,
      "min": 0.07516700134146959
    },
    "sandbox_execution_time_ms": {
      "avg": 346.9118339999113,
      "count": 1.0,
      "max": 346.9118339999113,
      "min": 346.9118339999113
    }
  },
  "regression_comparison": {
    "chunking_duration_ms": {
      "avg_delta_ms": -0.00458350041299127,
      "max_delta_ms": -0.00791700222180225
    },
    "embedding_duration_ms": {
      "avg_delta_ms": -0.005020996468374506,
      "max_delta_ms": -0.0037089994293637574
    },
    "executor_latency_ms": {
      "avg_delta_ms": -37.70170800271444,
      "max_delta_ms": -37.70170800271444
    },
    "indexing_duration_ms": {
      "avg_delta_ms": 0.37808300112374127,
      "max_delta_ms": 0.37808300112374127
    },
    "parsing_duration_ms": {
      "avg_delta_ms": -0.13477049105858896,
      "max_delta_ms": -0.261249988398049
    },
    "reranking_latency_ms": {
      "avg_delta_ms": 0.0012919990695081651,
      "max_delta_ms": 0.0012919990695081651
    },
    "retrieval_latency_ms": {
      "avg_delta_ms": 0.002889332487635926,
      "max_delta_ms": 0.006207999831531197
    },
    "sandbox_execution_time_ms": {
      "avg_delta_ms": -38.11554099956993,
      "max_delta_ms": -38.11554099956993
    }
  },
  "retrieval_metrics": {
    "after": {
      "mrr": 1.0,
      "ndcg_at_10": 1.0,
      "ndcg_at_5": 1.0,
      "recall_at_10": 1.0,
      "recall_at_5": 1.0
    },
    "before": {
      "mrr": 1.0,
      "ndcg_at_10": 1.0,
      "ndcg_at_5": 1.0,
      "recall_at_10": 1.0,
      "recall_at_5": 1.0
    }
  }
}