{
  "execution_metrics": {
    "analysis_correctness": 1.0,
    "citation_preservation_rate": 1.0,
    "execution_success_rate": 1.0,
    "plan_completion_rate": 1.0
  },
  "frontend_build_timing_ms": 2389.2357500008075,
  "latency_summary": {
    "chunking_duration_ms": {
      "avg": 0.02040299780977269,
      "count": 3.0,
      "max": 0.03491699317237362,
      "min": 0.008041999535635114
    },
    "embedding_duration_ms": {
      "avg": 0.15587500092806295,
      "count": 3.0,
      "max": 0.3447089984547347,
      "min": 0.05387500277720392
    },
    "executor_latency_ms": {
      "avg": 1063.982790998125,
      "count": 1.0,
      "max": 1063.982790998125,
      "min": 1063.982790998125
    },
    "indexing_duration_ms": {
      "avg": 61.45316699985415,
      "count": 1.0,
      "max": 61.45316699985415,
      "min": 61.45316699985415
    },
    "parsing_duration_ms": {
      "avg": 15.237152998452075,
      "count": 3.0,
      "max": 27.82108399696881,
      "min": 0.2715840018936433
    },
    "reranking_latency_ms": {
      "avg": 0.07342292407814127,
      "count": 13.0,
      "max": 0.20329200197011232,
      "min": 0.030291004804894328
    },
    "retrieval_latency_ms": {
      "avg": 0.2324414445966896,
      "count": 27.0,
      "max": 0.4544580006040633,
      "min": 0.17341700004180893
    },
    "sandbox_execution_time_ms": {
      "avg": 1061.551957995107,
      "count": 1.0,
      "max": 1061.551957995107,
      "min": 1061.551957995107
    }
  },
  "regression_comparison": {
    "chunking_duration_ms": {
      "avg_delta_ms": 0.00854899675080863,
      "max_delta_ms": 0.01649999467190355
    },
    "embedding_duration_ms": {
      "avg_delta_ms": 0.08347949551534839,
      "max_delta_ms": 0.23104299179976806
    },
    "executor_latency_ms": {
      "avg_delta_ms": 688.1974580028327,
      "max_delta_ms": 688.1974580028327
    },
    "indexing_duration_ms": {
      "avg_delta_ms": 48.82158400141634,
      "max_delta_ms": 48.82158400141634
    },
    "parsing_duration_ms": {
      "avg_delta_ms": 13.128382499417057,
      "max_delta_ms": 23.691333997703623
    },
    "reranking_latency_ms": {
      "avg_delta_ms": 0.028860426727288335,
      "max_delta_ms": 0.13791700621368363
    },
    "retrieval_latency_ms": {
      "avg_delta_ms": 0.11744144204486576,
      "max_delta_ms": 0.167124999279622
    },
    "sandbox_execution_time_ms": {
      "avg_delta_ms": 686.9205409966526,
      "max_delta_ms": 686.9205409966526
    }
  },
  "retrieval_metrics": {
    "after": {
      "mrr": 0.0,
      "ndcg_at_10": 0.0,
      "ndcg_at_5": 0.0,
      "precision_at_10": 0.0,
      "precision_at_5": 0.0,
      "recall_at_10": 0.0,
      "recall_at_5": 0.0
    },
    "before": {
      "mrr": 0.0,
      "ndcg_at_10": 0.0,
      "ndcg_at_5": 0.0,
      "precision_at_10": 0.0,
      "precision_at_5": 0.0,
      "recall_at_10": 0.0,
      "recall_at_5": 0.0
    }
  },
  "retrieval_quality_eval": {
    "after": {
      "mrr": 0.9166666666666666,
      "ndcg_at_10": 0.9166666666666666,
      "ndcg_at_5": 0.9166666666666666,
      "precision_at_10": 0.5138888888888888,
      "precision_at_5": 0.5138888888888888,
      "recall_at_10": 0.9166666666666666,
      "recall_at_5": 0.9166666666666666
    },
    "before": {
      "mrr": 0.9166666666666666,
      "ndcg_at_10": 0.9166666666666666,
      "ndcg_at_5": 0.9166666666666666,
      "precision_at_10": 0.5138888888888888,
      "precision_at_5": 0.5138888888888888,
      "recall_at_10": 0.9166666666666666,
      "recall_at_5": 0.9166666666666666
    },
    "case_count": 12,
    "fixture_path": "tests/fixtures/demo_course_retrieval_eval.json",
    "top_k": 5,
    "workspace": "demo_course"
  }
}