{
  "execution_metrics": {
    "analysis_correctness": 1.0,
    "citation_preservation_rate": 1.0,
    "execution_success_rate": 1.0,
    "plan_completion_rate": 1.0
  },
  "frontend_build_timing_ms": 2237.5288750045,
  "latency_summary": {
    "chunking_duration_ms": {
      "avg": 0.007795797137077898,
      "count": 10.0,
      "max": 0.01666598836891353,
      "min": 0.0034999975468963385
    },
    "embedding_duration_ms": {
      "avg": 0.13464590156218037,
      "count": 10.0,
      "max": 0.27554199914447963,
      "min": 0.0398339907405898
    },
    "executor_latency_ms": {
      "avg": 637.0888340024976,
      "count": 1.0,
      "max": 637.0888340024976,
      "min": 637.0888340024976
    },
    "indexing_duration_ms": {
      "avg": 84.38908400421496,
      "count": 1.0,
      "max": 84.38908400421496,
      "min": 84.38908400421496
    },
    "parsing_duration_ms": {
      "avg": 6.9517001014901325,
      "count": 10.0,
      "max": 24.812667004880495,
      "min": 0.1582080003572628
    },
    "reranking_latency_ms": {
      "avg": 0.17099738573550335,
      "count": 31.0,
      "max": 0.32054200710263103,
      "min": 0.13433300773613155
    },
    "retrieval_latency_ms": {
      "avg": 0.8501421742414731,
      "count": 63.0,
      "max": 2.4388750025536865,
      "min": 0.757208006689325
    },
    "sandbox_execution_time_ms": {
      "avg": 634.7999999998137,
      "count": 1.0,
      "max": 634.7999999998137,
      "min": 634.7999999998137
    }
  },
  "regression_comparison": {
    "chunking_duration_ms": {
      "avg_delta_ms": -0.012607200672694791,
      "max_delta_ms": -0.01825100480346009
    },
    "embedding_duration_ms": {
      "avg_delta_ms": -0.021229099365882576,
      "max_delta_ms": -0.06916699931025505
    },
    "executor_latency_ms": {
      "avg_delta_ms": -426.8939569956274,
      "max_delta_ms": -426.8939569956274
    },
    "indexing_duration_ms": {
      "avg_delta_ms": 22.935917004360817,
      "max_delta_ms": 22.935917004360817
    },
    "parsing_duration_ms": {
      "avg_delta_ms": -8.285452896961942,
      "max_delta_ms": -3.008416992088314
    },
    "reranking_latency_ms": {
      "avg_delta_ms": 0.09757446165736208,
      "max_delta_ms": 0.11725000513251871
    },
    "retrieval_latency_ms": {
      "avg_delta_ms": 0.6177007296447835,
      "max_delta_ms": 1.9844170019496232
    },
    "sandbox_execution_time_ms": {
      "avg_delta_ms": -426.7519579952932,
      "max_delta_ms": -426.7519579952932
    }
  },
  "retrieval_metrics": {
    "after": {
      "mrr": 0.0,
      "ndcg_at_10": 0.0,
      "ndcg_at_5": 0.0,
      "precision_at_10": 0.0,
      "precision_at_5": 0.0,
      "recall_at_10": 0.0,
      "recall_at_5": 0.0
    },
    "before": {
      "mrr": 0.0,
      "ndcg_at_10": 0.0,
      "ndcg_at_5": 0.0,
      "precision_at_10": 0.0,
      "precision_at_5": 0.0,
      "recall_at_10": 0.0,
      "recall_at_5": 0.0
    }
  },
  "retrieval_quality_eval": {
    "after": {
      "mrr": 0.8077777777777777,
      "ndcg_at_10": 0.830154512268018,
      "ndcg_at_5": 0.830154512268018,
      "precision_at_10": 0.18000000000000008,
      "precision_at_5": 0.18000000000000008,
      "recall_at_10": 0.9,
      "recall_at_5": 0.9
    },
    "before": {
      "mrr": 0.8319444444444444,
      "ndcg_at_10": 0.8569418045833367,
      "ndcg_at_5": 0.8464263086904791,
      "precision_at_10": 0.09333333333333337,
      "precision_at_5": 0.18000000000000008,
      "recall_at_10": 0.9333333333333333,
      "recall_at_5": 0.9
    },
    "case_count": 30,
    "fixture_path": "tests/fixtures/demo_course_retrieval_eval.json",
    "top_k": 5,
    "workspace": "demo_course"
  }
}