{
  "execution_metrics": {
    "analysis_correctness": 1.0,
    "citation_preservation_rate": 1.0,
    "execution_success_rate": 1.0,
    "plan_completion_rate": 1.0
  },
  "frontend_build_timing_ms": 3077.5507090002066,
  "latency_summary": {
    "chunking_duration_ms": {
      "avg": 0.010249998013023287,
      "count": 2.0,
      "max": 0.013500000932253897,
      "min": 0.006999995093792677
    },
    "embedding_duration_ms": {
      "avg": 0.08893750054994598,
      "count": 2.0,
      "max": 0.13174999912735075,
      "min": 0.04612500197254121
    },
    "executor_latency_ms": {
      "avg": 417.9589580016909,
      "count": 1.0,
      "max": 417.9589580016909,
      "min": 417.9589580016909
    },
    "indexing_duration_ms": {
      "avg": 27.79187499982072,
      "count": 1.0,
      "max": 27.79187499982072,
      "min": 27.79187499982072
    },
    "parsing_duration_ms": {
      "avg": 7.488813000236405,
      "count": 2.0,
      "max": 14.83479199669091,
      "min": 0.1428340037818998
    },
    "reranking_latency_ms": {
      "avg": 0.05804200191050768,
      "count": 1.0,
      "max": 0.05804200191050768,
      "min": 0.05804200191050768
    },
    "retrieval_latency_ms": {
      "avg": 0.1696666634719198,
      "count": 3.0,
      "max": 0.34079199394909665,
      "min": 0.079166995419655
    },
    "sandbox_execution_time_ms": {
      "avg": 416.73529199761106,
      "count": 1.0,
      "max": 416.73529199761106,
      "min": 416.73529199761106
    }
  },
  "regression_comparison": {
    "chunking_duration_ms": {
      "avg_delta_ms": 0.0037919980968581513,
      "max_delta_ms": 0.005750000127591193
    },
    "embedding_duration_ms": {
      "avg_delta_ms": 0.02964600207633339,
      "max_delta_ms": 0.043416999687906355
    },
    "executor_latency_ms": {
      "avg_delta_ms": 63.60279100044863,
      "max_delta_ms": 63.60279100044863
    },
    "indexing_duration_ms": {
      "avg_delta_ms": 17.53850000022794,
      "max_delta_ms": 17.53850000022794
    },
    "parsing_duration_ms": {
      "avg_delta_ms": 5.570521498157177,
      "max_delta_ms": 11.070208995079156
    },
    "reranking_latency_ms": {
      "avg_delta_ms": 0.012208001862745732,
      "max_delta_ms": 0.012208001862745732
    },
    "retrieval_latency_ms": {
      "avg_delta_ms": 0.03201399764899787,
      "max_delta_ms": 0.0914169941097498
    },
    "sandbox_execution_time_ms": {
      "avg_delta_ms": 63.55529199936427,
      "max_delta_ms": 63.55529199936427
    }
  },
  "retrieval_metrics": {
    "after": {
      "mrr": 1.0,
      "ndcg_at_10": 1.0,
      "ndcg_at_5": 1.0,
      "recall_at_10": 1.0,
      "recall_at_5": 1.0
    },
    "before": {
      "mrr": 1.0,
      "ndcg_at_10": 1.0,
      "ndcg_at_5": 1.0,
      "recall_at_10": 1.0,
      "recall_at_5": 1.0
    }
  }
}